{
  "pistol": {
    "0": {
      "scale": 0.22,
      "muzzleOffset": [
        0.81,
        2.42,
        4.26
      ],
      "rotation": [
        0,
        -2.5761059759436304,
        0
      ],
      "position": [
        0.7,
        -0.73,
        -0.5
      ]
    }
  },
  "rifle": {
    "0": {
      "position": [
        0.9,
        -0.87,
        -1.04
      ],
      "rotation": [
        -0.05061454830783556,
        1.5638150097869192,
        0
      ],
      "scale": 0.035,
      "muzzleOffset": [
        -0.06,
        -0.4,
        0
      ]
    },
    "1": {
      "rotation": [
        -0.05061454830783556,
        -3.141592653589793,
        0
      ],
      "position": [
        0.68,
        -0.69,
        -1.24
      ],
      "muzzleOffset": [
        0,
        -0.06,
        -0.04
      ]
    },
    "2": {
      "scale": 3,
      "position": [
        0.59,
        -0.76,
        -1.44
      ],
      "rotation": [
        -0.04991641660703782,
        1.5707963267948966,
        0
      ],
      "muzzleOffset": [
        0.92,
        -1.5,
        1.84
      ]
    }
  },
  "knife": {
    "0": {
      "rotation": [
        0.18849555921538758,
        -1.534144412503016,
        -0.317649923862968
      ]
    },
    "1": {
      "rotation": [
        0.05759586531581287,
        2.4905848425959083,
        0.158824961931484
      ],
      "position": [
        0.53,
        -0.42,
        -0.89
      ],
      "scale": 0.165
    }
  }
}